{
  "metadata": {
    "timestamp": "2025-11-15_10-52-46",
    "config_hash": "a6613c32",
    "version": "1.0"
  },
  "config": {
    "num_episodes": 50,
    "warmup_episodes": 0,
    "seed": 42,
    "use_aivat": false,
    "num_players": 9,
    "confidence_level": 0.95,
    "big_blind": 2.0,
    "target_margin": null,
    "baselines": [
      "Random",
      "AlwaysCall",
      "Tight",
      "Aggressive"
    ],
    "baseline_id_map": {
      "Random": 0,
      "AlwaysCall": 1,
      "Tight": 2,
      "Aggressive": 3
    }
  },
  "statistics": {
    "big_blind": 2.0,
    "confidence_level": 0.95,
    "players": {
      "0": {
        "n_hands": 50,
        "mean_payoff": -0.3109379480669128,
        "bb_per_100": -15.546897403345639,
        "std": 8.045728767813841,
        "stderr": 1.1378378742617705,
        "ci_lower": -2.59750876405114,
        "ci_upper": 1.9756328679173147,
        "ci_lower_bb100": -129.875438202557,
        "ci_upper_bb100": 98.78164339586574,
        "margin": 2.2865708159842275,
        "margin_bb100": 114.32854079921138,
        "confidence_level": 0.95
      },
      "1": {
        "n_hands": 50,
        "mean_payoff": 2.903106512260217,
        "bb_per_100": 145.15532561301086,
        "std": 10.464335119228732,
        "stderr": 1.479880464683035,
        "ci_lower": -0.07082462347812246,
        "ci_upper": 5.877037647998557,
        "ci_lower_bb100": -3.541231173906123,
        "ci_upper_bb100": 293.85188239992783,
        "margin": 2.9739311357383396,
        "margin_bb100": 148.69655678691697,
        "confidence_level": 0.95
      },
      "2": {
        "n_hands": 50,
        "mean_payoff": -3.287195665525551,
        "bb_per_100": -164.35978327627757,
        "std": 11.651074931267619,
        "stderr": 1.6477108184023843,
        "ci_lower": -6.598394524136936,
        "ci_upper": 0.024003193085833985,
        "ci_lower_bb100": -329.9197262068468,
        "ci_upper_bb100": 1.2001596542916992,
        "margin": 3.311198858611385,
        "margin_bb100": 165.55994293056926,
        "confidence_level": 0.95
      },
      "3": {
        "n_hands": 50,
        "mean_payoff": -4.1963926181445705,
        "bb_per_100": -209.81963090722851,
        "std": 10.609452001290673,
        "stderr": 1.5004030909571646,
        "ci_lower": -7.211565515444258,
        "ci_upper": -1.1812197208448825,
        "ci_lower_bb100": -360.5782757722129,
        "ci_upper_bb100": -59.060986042244124,
        "margin": 3.0151728972996876,
        "margin_bb100": 150.75864486498438,
        "confidence_level": 0.95
      }
    }
  }
}